,LDVAE_1,LDVAE_1,LDVAE_1,LDVAE_2,LDVAE_2,LDVAE_2,LDVAE_3,LDVAE_3,LDVAE_3,LDVAE_4,LDVAE_4,LDVAE_4,LDVAE_5,LDVAE_5,LDVAE_5,LDVAE_6,LDVAE_6,LDVAE_6,LDVAE_7,LDVAE_7,LDVAE_7,LDVAE_8,LDVAE_8,LDVAE_8,LDVAE_9,LDVAE_9,LDVAE_9,LDVAE_10,LDVAE_10,LDVAE_10,LDVAE_11,LDVAE_11,LDVAE_11,LDVAE_12,LDVAE_12,LDVAE_12,LDVAE_13,LDVAE_13,LDVAE_13,LDVAE_14,LDVAE_14,LDVAE_14,LDVAE_15,LDVAE_15,LDVAE_15,LDVAE_16,LDVAE_16,LDVAE_16,LDVAE_17,LDVAE_17,LDVAE_17,LDVAE_18,LDVAE_18,LDVAE_18,LDVAE_19,LDVAE_19,LDVAE_19,LDVAE_20,LDVAE_20,LDVAE_20
,mean,median,std,mean,median,std,mean,median,std,mean,median,std,mean,median,std,mean,median,std,mean,median,std,mean,median,std,mean,median,std,mean,median,std,mean,median,std,mean,median,std,mean,median,std,mean,median,std,mean,median,std,mean,median,std,mean,median,std,mean,median,std,mean,median,std,mean,median,std
region_long,,,,,,,,,,,,,,,,,,,,,,,,,,,,,,,,,,,,,,,,,,,,,,,,,,,,,,,,,,,,
Metastasis Nodo Linfático,-0.30374295,-0.12765813,1.4613059,-1.4024575,-1.3720874,2.0221596,0.082143426,-0.08579695,1.7420917,-0.4328901,0.03164211,1.9067241,-0.20691784,0.21133083,2.3412735,-0.3489841,-0.36403894,0.7449123,-0.5753437,-0.40936357,1.6993928,1.8334377,1.602383,2.180017,0.8476629,0.4827112,2.0194528,0.48743203,0.7794448,2.1281934,-0.086158566,-1.1743679,2.637521,-0.18836243,-0.2576472,0.95328325,0.30188018,0.060072362,1.6103019,1.0374686,0.6435748,2.305526,1.142042,0.5782834,2.155931,-0.83632135,-0.36189157,1.7459109,-0.70809585,-0.33341038,2.1087475,0.009816545,0.35821107,1.5564171,-0.04608467,-0.096634686,1.8933704,0.3507687,0.12504652,1.6494412
Tumor Primario,-0.27429318,-0.035791904,1.6635364,-0.44549254,-0.58675027,2.2985935,0.6694802,0.26744503,1.9586674,-0.8242797,-0.40354604,1.9093089,-1.2362597,-0.6951951,2.455634,-0.03865967,0.1253781,0.69371176,-0.6250392,-0.31270516,1.8936003,0.9158088,0.30238307,2.1681151,0.752747,0.33691043,2.167261,-1.0046936,-0.75811535,2.1645901,0.96799827,0.40542394,2.3508475,0.17217936,0.07694723,1.2643145,0.46596786,0.2956891,1.725876,1.340754,0.8554783,2.6291337,1.3434744,0.8000463,2.3996913,-0.44049746,-0.22236758,1.7841002,-0.85299367,-0.39072025,2.430465,-0.8646835,-0.24644595,2.0937872,-0.1759013,-0.20775405,2.001588,0.54176825,0.25240767,1.7292768
