Z_8,gene,abs_loading,factor
-0.3537705,ENSG00000196352.16,0.3537705,Z_8
-0.3112306,ENSG00000117472.10,0.3112306,Z_8
-0.30480516,ENSG00000141753.7,0.30480516,Z_8
-0.29092383,ENSG00000108244.17,0.29092383,Z_8
-0.27545086,ENSG00000266088.6,0.27545086,Z_8
-0.26876542,ENSG00000198692.10,0.26876542,Z_8
-0.26548553,ENSG00000198786.2,0.26548553,Z_8
-0.2646226,ENSG00000166143.10,0.2646226,Z_8
-0.25454417,ENSG00000197930.13,0.25454417,Z_8
-0.25121313,ENSG00000168955.4,0.25121313,Z_8
-0.24876705,ENSG00000104765.16,0.24876705,Z_8
-0.24848773,ENSG00000117394.24,0.24848773,Z_8
-0.23531863,ENSG00000099194.6,0.23531863,Z_8
-0.22832833,ENSG00000086548.9,0.22832833,Z_8
-0.22676569,ENSG00000165475.15,0.22676569,Z_8
-0.22611588,ENSG00000030582.18,0.22611588,Z_8
-0.2189308,ENSG00000211592.8,0.2189308,Z_8
-0.21741162,ENSG00000120708.17,0.21741162,Z_8
-0.20936254,ENSG00000137767.14,0.20936254,Z_8
-0.20891733,ENSG00000141741.12,0.20891733,Z_8
-0.20700502,ENSG00000112818.11,0.20700502,Z_8
-0.20379303,ENSG00000002726.21,0.20379303,Z_8
-0.20235176,ENSG00000134827.8,0.20235176,Z_8
-0.20081328,ENSG00000125378.16,0.20081328,Z_8
-0.19344003,ENSG00000196126.11,0.19344003,Z_8
-0.19234712,ENSG00000137563.13,0.19234712,Z_8
-0.19180973,ENSG00000189334.9,0.19180973,Z_8
-0.1902349,ENSG00000143167.12,0.1902349,Z_8
-0.1886999,ENSG00000086065.14,0.1886999,Z_8
-0.18147798,ENSG00000184012.14,0.18147798,Z_8
-0.18073522,ENSG00000015413.9,0.18073522,Z_8
-0.18072024,ENSG00000104419.17,0.18072024,Z_8
-0.18046707,ENSG00000278505.5,0.18046707,Z_8
-0.17974067,ENSG00000145730.21,0.17974067,Z_8
-0.17870027,ENSG00000135919.14,0.17870027,Z_8
-0.17839965,ENSG00000021355.13,0.17839965,Z_8
-0.17533989,ENSG00000167920.10,0.17533989,Z_8
-0.17416424,ENSG00000224259.7,0.17416424,Z_8
-0.17010392,ENSG00000145384.4,0.17010392,Z_8
-0.16933185,ENSG00000140941.14,0.16933185,Z_8
-0.1691101,ENSG00000097033.14,0.1691101,Z_8
-0.16812256,ENSG00000206069.7,0.16812256,Z_8
-0.16755079,ENSG00000121316.11,0.16755079,Z_8
-0.16625145,ENSG00000180573.10,0.16625145,Z_8
-0.16454454,ENSG00000148450.13,0.16454454,Z_8
-0.163086,ENSG00000111912.20,0.163086,Z_8
-0.1628398,ENSG00000168672.4,0.1628398,Z_8
-0.16158135,ENSG00000130164.14,0.16158135,Z_8
-0.16128804,ENSG00000196954.14,0.16128804,Z_8
-0.15851817,ENSG00000129521.15,0.15851817,Z_8
