,LDVAE_1,LDVAE_1,LDVAE_1,LDVAE_2,LDVAE_2,LDVAE_2,LDVAE_3,LDVAE_3,LDVAE_3,LDVAE_4,LDVAE_4,LDVAE_4,LDVAE_5,LDVAE_5,LDVAE_5,LDVAE_6,LDVAE_6,LDVAE_6,LDVAE_7,LDVAE_7,LDVAE_7,LDVAE_8,LDVAE_8,LDVAE_8,LDVAE_9,LDVAE_9,LDVAE_9,LDVAE_10,LDVAE_10,LDVAE_10,LDVAE_11,LDVAE_11,LDVAE_11,LDVAE_12,LDVAE_12,LDVAE_12,LDVAE_13,LDVAE_13,LDVAE_13,LDVAE_14,LDVAE_14,LDVAE_14,LDVAE_15,LDVAE_15,LDVAE_15,LDVAE_16,LDVAE_16,LDVAE_16,LDVAE_17,LDVAE_17,LDVAE_17,LDVAE_18,LDVAE_18,LDVAE_18,LDVAE_19,LDVAE_19,LDVAE_19,LDVAE_20,LDVAE_20,LDVAE_20
,mean,median,std,mean,median,std,mean,median,std,mean,median,std,mean,median,std,mean,median,std,mean,median,std,mean,median,std,mean,median,std,mean,median,std,mean,median,std,mean,median,std,mean,median,std,mean,median,std,mean,median,std,mean,median,std,mean,median,std,mean,median,std,mean,median,std,mean,median,std
region_long,,,,,,,,,,,,,,,,,,,,,,,,,,,,,,,,,,,,,,,,,,,,,,,,,,,,,,,,,,,,
Metastasis Nodo Linfático,-1.0291855,-0.31966907,2.3992653,-0.69096524,-0.42373407,1.6874112,-0.25287604,0.047013342,1.7317389,0.44165766,0.86449146,1.7238147,-0.5150697,-0.036931276,2.2163758,0.2779515,0.5114929,1.401004,-1.2250501,-0.93109995,1.8963844,0.261198,-0.055514783,1.5897001,-0.9912375,-0.682144,1.602211,-0.4202746,0.042644918,1.9277816,0.39386258,0.28263658,0.9499818,-0.11838745,0.08844343,0.93360543,-0.805654,-0.5590821,1.631589,0.2268683,0.18151048,0.8916805,-0.075025976,0.03624457,1.4742268,-0.54909456,-0.25437307,1.6134324,-0.748349,-0.4028163,1.6214898,1.8247722,1.752734,2.134783,-0.88670707,-1.0800972,1.0300369,-1.0249957,-0.94437844,1.4615374
Tumor Primario,-1.4942402,-0.8495046,2.4057078,-0.47791928,-0.1083954,1.8093404,-0.9562775,-0.4894113,1.9497067,-0.67321193,-0.36176515,1.7909938,-1.1111847,-0.4925714,2.5102844,-0.23402776,-0.11579779,1.7826786,-1.1971292,-0.7855789,2.0193267,0.98420423,0.7026813,1.7868979,-0.5158164,-0.16417187,1.5564208,-0.7430148,-0.3091076,2.1662025,0.19720605,0.21442789,1.0154929,-0.13166036,0.11853117,0.98697764,-0.091270044,0.095456526,1.7016835,0.00849711,-0.044725627,1.0024893,-0.32590306,-0.09071669,1.58866,-0.31341353,0.072719336,1.8070123,-0.7902741,-0.5194557,1.5622352,1.1880009,0.58233005,2.0925627,0.31811437,0.2868575,1.1010658,-0.22872537,-0.08215475,1.5957257
