,LDVAE_1,LDVAE_1,LDVAE_1,LDVAE_2,LDVAE_2,LDVAE_2,LDVAE_3,LDVAE_3,LDVAE_3,LDVAE_4,LDVAE_4,LDVAE_4,LDVAE_5,LDVAE_5,LDVAE_5,LDVAE_6,LDVAE_6,LDVAE_6,LDVAE_7,LDVAE_7,LDVAE_7,LDVAE_8,LDVAE_8,LDVAE_8,LDVAE_9,LDVAE_9,LDVAE_9,LDVAE_10,LDVAE_10,LDVAE_10,LDVAE_11,LDVAE_11,LDVAE_11,LDVAE_12,LDVAE_12,LDVAE_12,LDVAE_13,LDVAE_13,LDVAE_13,LDVAE_14,LDVAE_14,LDVAE_14,LDVAE_15,LDVAE_15,LDVAE_15,LDVAE_16,LDVAE_16,LDVAE_16,LDVAE_17,LDVAE_17,LDVAE_17,LDVAE_18,LDVAE_18,LDVAE_18,LDVAE_19,LDVAE_19,LDVAE_19,LDVAE_20,LDVAE_20,LDVAE_20
,mean,median,std,mean,median,std,mean,median,std,mean,median,std,mean,median,std,mean,median,std,mean,median,std,mean,median,std,mean,median,std,mean,median,std,mean,median,std,mean,median,std,mean,median,std,mean,median,std,mean,median,std,mean,median,std,mean,median,std,mean,median,std,mean,median,std,mean,median,std
region_long,,,,,,,,,,,,,,,,,,,,,,,,,,,,,,,,,,,,,,,,,,,,,,,,,,,,,,,,,,,,
Metastasis Nodo Linfático,-0.9730877,-0.5561822,1.9951103,-0.4896002,-0.64978564,1.4514067,1.4930369,1.1909268,1.7862349,0.73239845,0.6977189,1.9397398,-1.0431017,-0.47603488,2.4296374,-0.24264391,-0.047784805,1.5298465,0.47054857,0.26596677,1.6838291,0.93683374,0.6911865,1.9254766,-0.8131368,-0.7289853,1.3981133,-0.9534512,-0.6479746,1.6041244,-0.3262633,0.11148238,1.765356,0.15720896,0.08832859,1.143946,0.58833575,0.3613155,1.6067548,-0.25556678,-0.047359526,1.5022838,1.6423584,1.4029907,2.1114588,-0.9294875,-0.7168673,1.528569,0.71122,0.39802092,1.8566695,0.03853633,0.057170276,0.49238095,1.2114516,0.8507988,1.8723006,0.68063956,0.29869097,1.8885901
Tumor Primario,-0.96047634,-0.6747803,2.096556,0.60999167,0.45228213,1.8217249,1.5375335,1.036645,1.9870367,1.0081062,0.8253379,2.1094606,-1.6099429,-1.0878942,2.5248652,-0.5542376,-0.34087414,1.6604806,0.515158,0.15312117,1.7609265,1.1906074,0.98651206,2.0449083,-0.33051404,-0.22717005,1.5591525,-0.8463285,-0.57541466,1.7027901,-0.5222661,-0.4488855,1.558351,-0.16292575,-0.14898124,1.2114754,1.1834847,0.6886161,1.9491516,-0.60755706,-0.32634693,1.8145899,0.7893727,0.48131365,2.0933716,-0.54258215,-0.2694323,1.4698073,1.198399,0.7914525,1.9230574,-0.066653036,-0.11701824,0.48025575,1.2348925,0.7724367,2.1109548,1.093368,0.5762852,2.2446117
