Z_14,gene,abs_loading,factor
-0.34087172,ENSG00000142627.13,0.34087172,Z_14
-0.33459055,ENSG00000025772.8,0.33459055,Z_14
-0.31683016,ENSG00000182747.5,0.31683016,Z_14
-0.2944618,ENSG00000166681.14,0.2944618,Z_14
-0.28772494,ENSG00000069482.7,0.28772494,Z_14
-0.28118554,ENSG00000113070.8,0.28118554,Z_14
-0.27489644,ENSG00000100453.13,0.27489644,Z_14
-0.2701561,ENSG00000155850.8,0.2701561,Z_14
-0.25867075,ENSG00000126003.7,0.25867075,Z_14
-0.25359988,ENSG00000145632.15,0.25359988,Z_14
-0.25298432,ENSG00000128422.17,0.25298432,Z_14
-0.2517068,ENSG00000138640.15,0.2517068,Z_14
-0.24201246,ENSG00000185950.9,0.24201246,Z_14
-0.23789808,ENSG00000163586.10,0.23789808,Z_14
-0.2369371,ENSG00000154380.17,0.2369371,Z_14
-0.23031417,ENSG00000159182.5,0.23031417,Z_14
-0.22600757,ENSG00000130726.12,0.22600757,Z_14
-0.22417328,ENSG00000164822.5,0.22417328,Z_14
-0.22264826,ENSG00000163734.4,0.22264826,Z_14
-0.22116765,ENSG00000104823.9,0.22116765,Z_14
-0.2187608,ENSG00000132170.24,0.2187608,Z_14
-0.21874386,ENSG00000276644.5,0.21874386,Z_14
-0.21745397,ENSG00000134709.12,0.21745397,Z_14
-0.21574259,ENSG00000089220.5,0.21574259,Z_14
-0.21455336,ENSG00000211897.9,0.21455336,Z_14
-0.2131065,ENSG00000115828.17,0.2131065,Z_14
-0.21021734,ENSG00000125740.14,0.21021734,Z_14
-0.20944549,ENSG00000198646.14,0.20944549,Z_14
-0.20674127,ENSG00000172201.12,0.20674127,Z_14
-0.20582327,ENSG00000139211.7,0.20582327,Z_14
-0.204396,ENSG00000119042.17,0.204396,Z_14
-0.2020457,ENSG00000198176.13,0.2020457,Z_14
-0.20190516,ENSG00000135919.14,0.20190516,Z_14
-0.1976301,ENSG00000120685.20,0.1976301,Z_14
-0.19705464,ENSG00000135549.15,0.19705464,Z_14
-0.19677101,ENSG00000179388.9,0.19677101,Z_14
-0.19226989,ENSG00000074201.9,0.19226989,Z_14
-0.19110231,ENSG00000104870.13,0.19110231,Z_14
-0.19076645,ENSG00000135220.11,0.19076645,Z_14
-0.1895249,ENSG00000108064.11,0.1895249,Z_14
-0.18941899,ENSG00000111802.14,0.18941899,Z_14
-0.18849328,ENSG00000132305.21,0.18849328,Z_14
-0.18779998,ENSG00000111907.21,0.18779998,Z_14
-0.18654042,ENSG00000150687.12,0.18654042,Z_14
-0.18194279,ENSG00000165672.7,0.18194279,Z_14
-0.17985779,ENSG00000167600.14,0.17985779,Z_14
-0.17931442,ENSG00000211892.4,0.17931442,Z_14
-0.17712536,ENSG00000127324.9,0.17712536,Z_14
-0.17688055,ENSG00000111725.11,0.17688055,Z_14
-0.1757039,ENSG00000101911.13,0.1757039,Z_14
