Z_16,gene,abs_loading,factor
-0.40119544,ENSG00000265972.6,0.40119544,Z_16
-0.3830281,ENSG00000150687.12,0.3830281,Z_16
-0.3179298,ENSG00000078401.7,0.3179298,Z_16
-0.2984268,ENSG00000211896.7,0.2984268,Z_16
-0.297258,ENSG00000145287.11,0.297258,Z_16
-0.25547543,ENSG00000163734.4,0.25547543,Z_16
-0.25534865,ENSG00000147872.10,0.25534865,Z_16
-0.24926105,ENSG00000204287.14,0.24926105,Z_16
-0.24832085,ENSG00000102265.12,0.24832085,Z_16
-0.2344668,ENSG00000115009.13,0.2344668,Z_16
-0.23309472,ENSG00000173432.12,0.23309472,Z_16
-0.22736742,ENSG00000169429.11,0.22736742,Z_16
-0.22447808,ENSG00000165949.12,0.22447808,Z_16
-0.22414479,ENSG00000156587.16,0.22414479,Z_16
-0.21904875,ENSG00000158417.11,0.21904875,Z_16
-0.21525934,ENSG00000104549.12,0.21525934,Z_16
-0.20334764,ENSG00000105388.16,0.20334764,Z_16
-0.20190026,ENSG00000135919.14,0.20190026,Z_16
-0.20145705,ENSG00000159388.6,0.20145705,Z_16
-0.20113489,ENSG00000165672.7,0.20113489,Z_16
-0.19977061,ENSG00000171345.13,0.19977061,Z_16
-0.1985347,ENSG00000120708.17,0.1985347,Z_16
-0.19718029,ENSG00000101443.18,0.19718029,Z_16
-0.19574344,ENSG00000106565.18,0.19574344,Z_16
-0.19483711,ENSG00000137575.12,0.19483711,Z_16
-0.19465597,ENSG00000065150.21,0.19465597,Z_16
-0.19344907,ENSG00000137492.9,0.19344907,Z_16
-0.19080424,ENSG00000114115.10,0.19080424,Z_16
-0.18825006,ENSG00000127125.9,0.18825006,Z_16
-0.18800142,ENSG00000167315.18,0.18800142,Z_16
-0.18700399,ENSG00000182718.18,0.18700399,Z_16
-0.18516468,ENSG00000079459.13,0.18516468,Z_16
-0.18490961,ENSG00000132792.19,0.18490961,Z_16
-0.18458179,ENSG00000163347.6,0.18458179,Z_16
-0.18189159,ENSG00000150782.12,0.18189159,Z_16
-0.18158822,ENSG00000103534.17,0.18158822,Z_16
-0.18153049,ENSG00000152558.15,0.18153049,Z_16
-0.17965059,ENSG00000274213.1,0.17965059,Z_16
-0.17961648,ENSG00000124253.11,0.17961648,Z_16
-0.17920427,ENSG00000141429.14,0.17920427,Z_16
-0.17896429,ENSG00000187735.14,0.17896429,Z_16
-0.17612572,ENSG00000111907.21,0.17612572,Z_16
-0.1760141,ENSG00000134905.17,0.1760141,Z_16
-0.17527096,ENSG00000117724.13,0.17527096,Z_16
-0.17434183,ENSG00000100994.12,0.17434183,Z_16
-0.17376804,ENSG00000136826.15,0.17376804,Z_16
-0.17251453,ENSG00000158825.6,0.17251453,Z_16
-0.17208034,ENSG00000097033.14,0.17208034,Z_16
-0.17057277,ENSG00000172201.12,0.17057277,Z_16
-0.16966352,ENSG00000148700.15,0.16966352,Z_16
