,LDVAE_1,LDVAE_1,LDVAE_1,LDVAE_2,LDVAE_2,LDVAE_2,LDVAE_3,LDVAE_3,LDVAE_3,LDVAE_4,LDVAE_4,LDVAE_4,LDVAE_5,LDVAE_5,LDVAE_5,LDVAE_6,LDVAE_6,LDVAE_6,LDVAE_7,LDVAE_7,LDVAE_7,LDVAE_8,LDVAE_8,LDVAE_8,LDVAE_9,LDVAE_9,LDVAE_9,LDVAE_10,LDVAE_10,LDVAE_10,LDVAE_11,LDVAE_11,LDVAE_11,LDVAE_12,LDVAE_12,LDVAE_12,LDVAE_13,LDVAE_13,LDVAE_13,LDVAE_14,LDVAE_14,LDVAE_14,LDVAE_15,LDVAE_15,LDVAE_15,LDVAE_16,LDVAE_16,LDVAE_16,LDVAE_17,LDVAE_17,LDVAE_17,LDVAE_18,LDVAE_18,LDVAE_18,LDVAE_19,LDVAE_19,LDVAE_19,LDVAE_20,LDVAE_20,LDVAE_20
,mean,median,std,mean,median,std,mean,median,std,mean,median,std,mean,median,std,mean,median,std,mean,median,std,mean,median,std,mean,median,std,mean,median,std,mean,median,std,mean,median,std,mean,median,std,mean,median,std,mean,median,std,mean,median,std,mean,median,std,mean,median,std,mean,median,std,mean,median,std
region_long,,,,,,,,,,,,,,,,,,,,,,,,,,,,,,,,,,,,,,,,,,,,,,,,,,,,,,,,,,,,
Metastasis Nodo Linfático,1.1667831,1.0332735,1.9248098,-0.9043094,-0.8045115,1.5250021,0.5652632,0.22009155,2.316943,-0.6331311,-0.25910556,2.2490053,0.6911658,0.42838413,1.6711912,-1.2931801,-0.8900436,2.24973,-0.30304345,-0.4798866,1.1563886,0.5640548,0.17305952,2.1913877,-1.3625244,-0.84134775,2.8637369,0.0964038,0.5443219,2.505328,-1.6641423,-1.4956886,2.2388735,-0.11667644,0.3953826,1.6364378,0.4241515,0.005504042,1.8664813,-0.025947073,0.24346633,1.5513831,-0.41067833,-0.056552976,1.1492898,-1.1316797,-1.0541967,1.6919802,-0.28820255,0.061280698,2.2214417,0.02107885,-0.27228224,1.2231023,-0.32294574,-0.49661264,2.1488094,-0.9078265,-0.4563768,2.2158096
Tumor Primario,0.73451865,0.41811615,2.1365507,-0.25914758,-0.23490337,1.8353808,1.566612,1.0731763,2.5993211,-1.0795634,-0.6258676,2.5219488,0.94312,0.59772253,2.0142224,-1.3725743,-0.72657734,2.6443527,0.6478162,0.4201706,1.3604952,1.24434,0.7179007,2.427007,-2.043149,-1.2353656,3.3039584,-1.1402448,-0.6996654,2.5151403,-1.1279063,-0.5266562,2.1931407,-0.3358396,-0.09950721,1.4925184,0.6863684,0.24977687,2.0464084,-0.63051414,-0.192152,1.9251809,0.013515087,0.29287255,1.2082064,-0.51263565,-0.3368517,1.8715113,-1.1015757,-0.9221277,2.28102,0.39213303,0.19582349,1.3294154,1.1026871,0.9831468,2.1373754,-1.1295152,-0.6242629,2.353881
